{"lpips": 0.15846320986747742, "ssim": 0.663496732711792, "fid": 2.2961037158966064, "psnr": 21.541696548461914}