{"lpips": 0.16869355738162994, "ssim": 0.6720382571220398, "fid": 8.99023723602295, "psnr": 21.248130798339844}