{"lpips_vgg": 0.1682291030883789, "lpips_alex": 0.0707462951540947, "ssim": 0.7263851761817932, "fid": 2.7795591354370117, "psnr": 24.99468994140625}