{"lpips": 0.13998544216156006, "ssim": 0.7116477489471436, "fid": 1.2189513444900513, "psnr": 24.753984451293945}