{"lpips_vgg": 0.1687488853931427, "lpips_alex": 0.07291899621486664, "ssim": 0.6720331311225891, "fid": 8.972114562988281, "psnr": 21.202186584472656}