{"lpips": 0.1682291030883789, "ssim": 0.7263851761817932, "fid": 2.7795591354370117, "psnr": 24.99468994140625}