{"lpips": 0.15581008791923523, "ssim": 0.7041824460029602, "fid": 4.560852527618408, "psnr": 22.88714599609375}