{"lpips_vgg": 0.16513016819953918, "lpips_alex": 0.074868343770504, "ssim": 0.6802469491958618, "fid": 12.240986824035645, "psnr": 21.530527114868164}