{"lpips": 0.14951078593730927, "ssim": 0.7117875814437866, "fid": 4.79905891418457, "psnr": 22.957496643066406}