{"lpips": 0.1566213220357895, "ssim": 0.7372748255729675, "fid": 2.9022252559661865, "psnr": 24.32847785949707}