{"lpips": 0.1651797741651535, "ssim": 0.6802663803100586, "fid": 12.2376127243042, "psnr": 21.588302612304688}