{"lpips_vgg": 0.14956863224506378, "lpips_alex": 0.06846389174461365, "ssim": 0.7117047905921936, "fid": 4.7992730140686035, "psnr": 22.97808837890625}